{
  "article": [],
  "blog": [],
  "collection": [
    {
      "key": "collections",
      "namespace": "ecomposer",
      "name": "Define sub collections for current collection",
      "description": "Set the sub collection for curernt collection.",
      "type": {
        "name": "list.collection_reference",
        "category": "REFERENCE"
      }
    }
  ],
  "company": [],
  "company_location": [],
  "location": [],
  "market": [],
  "order": [],
  "page": [],
  "product": [
    {
      "key": "flavorimage",
      "namespace": "custom",
      "name": "Flavorimage",
      "description": "",
      "type": {
        "name": "file_reference",
        "category": "REFERENCE"
      }
    },
    {
      "key": "flavorimagemobile",
      "namespace": "custom",
      "name": "FlavorimageMobile",
      "description": "",
      "type": {
        "name": "file_reference",
        "category": "REFERENCE"
      }
    },
    {
      "key": "flavorparagraph",
      "namespace": "custom",
      "name": "FlavorParagraph",
      "description": "",
      "type": {
        "name": "rich_text_field",
        "category": "TEXT"
      }
    },
    {
      "key": "herkunfstextparagraph",
      "namespace": "custom",
      "name": "HerkunfstextParagraph",
      "description": "",
      "type": {
        "name": "rich_text_field",
        "category": "TEXT"
      }
    },
    {
      "key": "herkunfslandimage_1",
      "namespace": "custom",
      "name": "HerkunfslandImage1",
      "description": "",
      "type": {
        "name": "file_reference",
        "category": "REFERENCE"
      }
    },
    {
      "key": "herkunfslandimage2",
      "namespace": "custom",
      "name": "HerkunfslandImage2",
      "description": "",
      "type": {
        "name": "file_reference",
        "category": "REFERENCE"
      }
    },
    {
      "key": "herkunfstextheadline",
      "namespace": "custom",
      "name": "HerkunfstextHeadline",
      "description": "",
      "type": {
        "name": "single_line_text_field",
        "category": "TEXT"
      }
    },
    {
      "key": "flavorheadline",
      "namespace": "custom",
      "name": "flavorheadline",
      "description": "",
      "type": {
        "name": "single_line_text_field",
        "category": "TEXT"
      }
    },
    {
      "key": "zigarrenname",
      "namespace": "custom",
      "name": "Zigarrenname",
      "description": "",
      "type": {
        "name": "single_line_text_field",
        "category": "TEXT"
      }
    },
    {
      "key": "herkunftsubheadline",
      "namespace": "custom",
      "name": "herkunftSubheadline",
      "description": "",
      "type": {
        "name": "single_line_text_field",
        "category": "TEXT"
      }
    },
    {
      "key": "custom_cross_sell_accessory",
      "namespace": "custom",
      "name": "custom.cross_sell_accessory",
      "description": "",
      "type": {
        "name": "product_reference",
        "category": "REFERENCE"
      }
    },
    {
      "key": "kollekionpdp",
      "namespace": "custom",
      "name": "KollekionPDP",
      "description": "",
      "type": {
        "name": "collection_reference",
        "category": "REFERENCE"
      }
    },
    {
      "key": "collectionheadingpdp",
      "namespace": "custom",
      "name": "CollectionHeadingPDP",
      "description": "",
      "type": {
        "name": "single_line_text_field",
        "category": "TEXT"
      }
    },
    {
      "key": "collection_2",
      "namespace": "custom",
      "name": "Collection 2",
      "description": "",
      "type": {
        "name": "collection_reference",
        "category": "REFERENCE"
      }
    },
    {
      "key": "collection_2_headline",
      "namespace": "custom",
      "name": "Collection 2 Headline",
      "description": "",
      "type": {
        "name": "single_line_text_field",
        "category": "TEXT"
      }
    },
    {
      "key": "countdown",
      "namespace": "ecomposer",
      "name": "EComposer product countdown end at",
      "description": "Set date and time countdown end at",
      "type": {
        "name": "date_time",
        "category": "DATE_TIME"
      }
    },
    {
      "key": "countdown_from",
      "namespace": "ecomposer",
      "name": "EComposer product countdown start at",
      "description": "Set date and time countdown start at",
      "type": {
        "name": "date_time",
        "category": "DATE_TIME"
      }
    },
    {
      "key": "herkunft",
      "namespace": "custom",
      "name": "Herkunft",
      "description": "Eig. 1",
      "type": {
        "name": "single_line_text_field",
        "category": "TEXT"
      }
    },
    {
      "key": "starke",
      "namespace": "custom",
      "name": "Staerke",
      "description": "Eig 2",
      "type": {
        "name": "single_line_text_field",
        "category": "TEXT"
      }
    },
    {
      "key": "rauchdauer",
      "namespace": "custom",
      "name": "Rauchdauer",
      "description": "Eig. 3",
      "type": {
        "name": "single_line_text_field",
        "category": "TEXT"
      }
    },
    {
      "key": "ringmas",
      "namespace": "custom",
      "name": "Ringmass",
      "description": "Eig. 4",
      "type": {
        "name": "single_line_text_field",
        "category": "TEXT"
      }
    },
    {
      "key": "lange",
      "namespace": "custom",
      "name": "laenge",
      "description": "Eig. 5",
      "type": {
        "name": "single_line_text_field",
        "category": "TEXT"
      }
    },
    {
      "key": "subheadline",
      "namespace": "custom",
      "name": "subheadline",
      "description": "",
      "type": {
        "name": "multi_line_text_field",
        "category": "TEXT"
      }
    },
    {
      "key": "badge1",
      "namespace": "custom",
      "name": "badge1",
      "description": "",
      "type": {
        "name": "single_line_text_field",
        "category": "TEXT"
      }
    },
    {
      "key": "topseller",
      "namespace": "custom",
      "name": "topseller",
      "description": "",
      "type": {
        "name": "list.single_line_text_field",
        "category": "TEXT"
      }
    }
  ],
  "variant": [],
  "shop": []
}